task,count,mean,std,min,p25,p50,p75,max
headline,61,4.079508196721312,1.877330042222649,0.0,4.34,4.79,5.0,6.42
