Source,count,mean,std,min,max
GPT,25,4.234,1.6364163080748537,0.0,5.66
Llama,36,3.9722222222222223,2.0436831053078253,0.0,6.42
