task,count,mean,std,min,p25,p50,p75,max
word_inclusion,198,5.28621212121212,0.5803073712538195,2.68,4.952500000000001,5.255,5.6075,7.05
